{"text": "笔名：木斧原名：杨莆曾用名：穆新文、牧羊、寒白、洋漾出生日期：1931—职业：作家、诗人性别：男民族：回族政治面貌：中共党员祖籍：固原县出生地：成都", "tokens": ["笔", "名", "：", "木", "斧", "原", "名", "：", "杨", "莆", "曾", "用", "名", "：", "穆", "新", "文", "、", "牧", "羊", "、", "寒", "白", "、", "洋", "漾", "出", "生", "日", "期", "：", "1", "9", "3", "1", "—", "职", "业", "：", "作", "家", "、", "诗", "人", "性", "别", "：", "男", "民", "族", "：", "回", "族", "政", "治", "面", "貌", "：", "中", "共", "党", "员", "祖", "籍", "：", "固", "原", "县", "出", "生", "地", "：", "成", "都"], "record": "<extra_id_0> <extra_id_0> 人物 <extra_id_5> 木斧 <extra_id_0> 出生日期 <extra_id_5> 1931 <extra_id_1> <extra_id_0> 民族 <extra_id_5> 回族 <extra_id_1> <extra_id_0> 出生地 <extra_id_5> 成都 <extra_id_1> <extra_id_1> <extra_id_0> 日期 <extra_id_5> 1931 <extra_id_1> <extra_id_0> 文本 <extra_id_5> 回族 <extra_id_1> <extra_id_0> 地点 <extra_id_5> 成都 <extra_id_1> <extra_id_1>", "entity": [{"type": "人物", "offset": [3, 4], "text": "木斧"}, {"type": "文本", "offset": [51, 52], "text": "回族"}, {"type": "日期", "offset": [31, 32, 33, 34], "text": "1931"}, {"type": "地点", "offset": [72, 73], "text": "成都"}], "relation": [{"type": "民族", "args": [{"type": "人物", "offset": [3, 4], "text": "木斧"}, {"type": "文本", "offset": [51, 52], "text": "回族"}]}, {"type": "出生日期", "args": [{"type": "人物", "offset": [3, 4], "text": "木斧"}, {"type": "日期", "offset": [31, 32, 33, 34], "text": "1931"}]}, {"type": "出生地", "args": [{"type": "人物", "offset": [3, 4], "text": "木斧"}, {"type": "地点", "offset": [72, 73], "text": "成都"}]}], "event": [], "spot": ["地点", "文本", "人物", "日期"], "asoc": ["出生日期", "出生地", "民族"], "spot_asoc": [{"span": "木斧", "label": "人物", "asoc": [["出生日期", "1931"], ["民族", "回族"], ["出生地", "成都"]]}, {"span": "1931", "label": "日期", "asoc": []}, {"span": "回族", "label": "文本", "asoc": []}, {"span": "成都", "label": "地点", "asoc": []}]}
{"text": "《今晚会在哪里醒来》是黄家强的一首粤语歌曲，由何启弘作词，黄家强作曲编曲并演唱，收录于2007年08月01日发行的专辑《她他》中", "tokens": ["《", "今", "晚", "会", "在", "哪", "里", "醒", "来", "》", "是", "黄", "家", "强", "的", "一", "首", "粤", "语", "歌", "曲", "，", "由", "何", "启", "弘", "作", "词", "，", "黄", "家", "强", "作", "曲", "编", "曲", "并", "演", "唱", "，", "收", "录", "于", "2", "0", "0", "7", "年", "0", "8", "月", "0", "1", "日", "发", "行", "的", "专", "辑", "《", "她", "他", "》", "中"], "record": "<extra_id_0> <extra_id_0> 歌曲 <extra_id_5> 今晚会在哪里醒来 <extra_id_0> 作曲 <extra_id_5> 黄家强 <extra_id_1> <extra_id_0> 歌手 <extra_id_5> 黄家强 <extra_id_1> <extra_id_0> 作词 <extra_id_5> 何启弘 <extra_id_1> <extra_id_0> 所属专辑 <extra_id_5> 她他 <extra_id_1> <extra_id_1> <extra_id_0> 人物 <extra_id_5> 黄家强 <extra_id_1> <extra_id_0> 人物 <extra_id_5> 何启弘 <extra_id_1> <extra_id_0> 音乐专辑 <extra_id_5> 她他 <extra_id_1> <extra_id_1>", "entity": [{"type": "歌曲", "offset": [1, 2, 3, 4, 5, 6, 7, 8], "text": "今晚会在哪里醒来"}, {"type": "人物", "offset": [11, 12, 13], "text": "黄家强"}, {"type": "音乐专辑", "offset": [60, 61], "text": "她他"}, {"type": "人物", "offset": [23, 24, 25], "text": "何启弘"}], "relation": [{"type": "作曲", "args": [{"type": "歌曲", "offset": [1, 2, 3, 4, 5, 6, 7, 8], "text": "今晚会在哪里醒来"}, {"type": "人物", "offset": [11, 12, 13], "text": "黄家强"}]}, {"type": "所属专辑", "args": [{"type": "歌曲", "offset": [1, 2, 3, 4, 5, 6, 7, 8], "text": "今晚会在哪里醒来"}, {"type": "音乐专辑", "offset": [60, 61], "text": "她他"}]}, {"type": "歌手", "args": [{"type": "歌曲", "offset": [1, 2, 3, 4, 5, 6, 7, 8], "text": "今晚会在哪里醒来"}, {"type": "人物", "offset": [11, 12, 13], "text": "黄家强"}]}, {"type": "作词", "args": [{"type": "歌曲", "offset": [1, 2, 3, 4, 5, 6, 7, 8], "text": "今晚会在哪里醒来"}, {"type": "人物", "offset": [23, 24, 25], "text": "何启弘"}]}], "event": [], "spot": ["歌曲", "音乐专辑", "人物"], "asoc": ["歌手", "作曲", "所属专辑", "作词"], "spot_asoc": [{"span": "今晚会在哪里醒来", "label": "歌曲", "asoc": [["作曲", "黄家强"], ["歌手", "黄家强"], ["作词", "何启弘"], ["所属专辑", "她他"]]}, {"span": "黄家强", "label": "人物", "asoc": []}, {"span": "何启弘", "label": "人物", "asoc": []}, {"span": "她他", "label": "音乐专辑", "asoc": []}]}
{"text": "2003年12月26日，公司2003年第四次临时股东大会批准，公司名称变更为“华夏建通科技开发股份有限公司”，并于2004年6月3日取得河北省工商行政管理局换发的《企业法人营业执照》，法定代表人：何强", "tokens": ["2", "0", "0", "3", "年", "1", "2", "月", "2", "6", "日", "，", "公", "司", "2", "0", "0", "3", "年", "第", "四", "次", "临", "时", "股", "东", "大", "会", "批", "准", "，", "公", "司", "名", "称", "变", "更", "为", "“", "华", "夏", "建", "通", "科", "技", "开", "发", "股", "份", "有", "限", "公", "司", "”", "，", "并", "于", "2", "0", "0", "4", "年", "6", "月", "3", "日", "取", "得", "河", "北", "省", "工", "商", "行", "政", "管", "理", "局", "换", "发", "的", "《", "企", "业", "法", "人", "营", "业", "执", "照", "》", "，", "法", "定", "代", "表", "人", "：", "何", "强"], "record": "<extra_id_0> <extra_id_0> 企业 <extra_id_5> 华夏建通科技开发股份有限公司 <extra_id_0> 成立日期 <extra_id_5> 2004年6月3日 <extra_id_1> <extra_id_1> <extra_id_0> 日期 <extra_id_5> 2004年6月3日 <extra_id_1> <extra_id_1>", "entity": [{"type": "企业", "offset": [39, 40, 41, 42, 43, 44, 45, 46, 47, 48, 49, 50, 51, 52], "text": "华夏建通科技开发股份有限公司"}, {"type": "日期", "offset": [57, 58, 59, 60, 61, 62, 63, 64, 65], "text": "2004年6月3日"}], "relation": [{"type": "成立日期", "args": [{"type": "企业", "offset": [39, 40, 41, 42, 43, 44, 45, 46, 47, 48, 49, 50, 51, 52], "text": "华夏建通科技开发股份有限公司"}, {"type": "日期", "offset": [57, 58, 59, 60, 61, 62, 63, 64, 65], "text": "2004年6月3日"}]}], "event": [], "spot": ["日期", "企业"], "asoc": ["成立日期"], "spot_asoc": [{"span": "华夏建通科技开发股份有限公司", "label": "企业", "asoc": [["成立日期", "2004年6月3日"]]}, {"span": "2004年6月3日", "label": "日期", "asoc": []}]}
{"text": "潘惟南，陕西大荔县溢渡村人", "tokens": ["潘", "惟", "南", "，", "陕", "西", "大", "荔", "县", "溢", "渡", "村", "人"], "record": "<extra_id_0> <extra_id_0> 人物 <extra_id_5> 潘惟南 <extra_id_0> 出生地 <extra_id_5> 陕西大荔 <extra_id_1> <extra_id_1> <extra_id_0> 地点 <extra_id_5> 陕西大荔 <extra_id_1> <extra_id_1>", "entity": [{"type": "人物", "offset": [0, 1, 2], "text": "潘惟南"}, {"type": "地点", "offset": [4, 5, 6, 7], "text": "陕西大荔"}], "relation": [{"type": "出生地", "args": [{"type": "人物", "offset": [0, 1, 2], "text": "潘惟南"}, {"type": "地点", "offset": [4, 5, 6, 7], "text": "陕西大荔"}]}], "event": [], "spot": ["人物", "地点"], "asoc": ["出生地"], "spot_asoc": [{"span": "潘惟南", "label": "人物", "asoc": [["出生地", "陕西大荔"]]}, {"span": "陕西大荔", "label": "地点", "asoc": []}]}
{"text": "人物生平郭静唐，1903年2月4日出生，又名挹青、一青、澄，字琴堂，周巷镇徐家荒场人", "tokens": ["人", "物", "生", "平", "郭", "静", "唐", "，", "1", "9", "0", "3", "年", "2", "月", "4", "日", "出", "生", "，", "又", "名", "挹", "青", "、", "一", "青", "、", "澄", "，", "字", "琴", "堂", "，", "周", "巷", "镇", "徐", "家", "荒", "场", "人"], "record": "<extra_id_0> <extra_id_0> 人物 <extra_id_5> 郭静唐 <extra_id_0> 出生日期 <extra_id_5> 1903年2月4日 <extra_id_1> <extra_id_0> 出生地 <extra_id_5> 周巷 <extra_id_1> <extra_id_1> <extra_id_0> 日期 <extra_id_5> 1903年2月4日 <extra_id_1> <extra_id_0> 地点 <extra_id_5> 周巷 <extra_id_1> <extra_id_1>", "entity": [{"type": "人物", "offset": [4, 5, 6], "text": "郭静唐"}, {"type": "地点", "offset": [34, 35], "text": "周巷"}, {"type": "日期", "offset": [8, 9, 10, 11, 12, 13, 14, 15, 16], "text": "1903年2月4日"}], "relation": [{"type": "出生地", "args": [{"type": "人物", "offset": [4, 5, 6], "text": "郭静唐"}, {"type": "地点", "offset": [34, 35], "text": "周巷"}]}, {"type": "出生日期", "args": [{"type": "人物", "offset": [4, 5, 6], "text": "郭静唐"}, {"type": "日期", "offset": [8, 9, 10, 11, 12, 13, 14, 15, 16], "text": "1903年2月4日"}]}], "event": [], "spot": ["人物", "地点", "日期"], "asoc": ["出生日期", "出生地"], "spot_asoc": [{"span": "郭静唐", "label": "人物", "asoc": [["出生日期", "1903年2月4日"], ["出生地", "周巷"]]}, {"span": "1903年2月4日", "label": "日期", "asoc": []}, {"span": "周巷", "label": "地点", "asoc": []}]}
{"text": "《十九妾》是醉爱风云写的网络小说连载于潇湘书院", "tokens": ["《", "十", "九", "妾", "》", "是", "醉", "爱", "风", "云", "写", "的", "网", "络", "小", "说", "连", "载", "于", "潇", "湘", "书", "院"], "record": "<extra_id_0> <extra_id_0> 图书作品 <extra_id_5> 十九妾 <extra_id_0> 作者 <extra_id_5> 醉爱风云 <extra_id_1> <extra_id_1> <extra_id_0> 网络小说 <extra_id_5> 十九妾 <extra_id_0> 连载网站 <extra_id_5> 潇湘书院 <extra_id_1> <extra_id_1> <extra_id_0> 人物 <extra_id_5> 醉爱风云 <extra_id_1> <extra_id_0> 网站 <extra_id_5> 潇湘书院 <extra_id_1> <extra_id_1>", "entity": [{"type": "图书作品", "offset": [1, 2, 3], "text": "十九妾"}, {"type": "人物", "offset": [6, 7, 8, 9], "text": "醉爱风云"}, {"type": "网络小说", "offset": [1, 2, 3], "text": "十九妾"}, {"type": "网站", "offset": [19, 20, 21, 22], "text": "潇湘书院"}], "relation": [{"type": "作者", "args": [{"type": "图书作品", "offset": [1, 2, 3], "text": "十九妾"}, {"type": "人物", "offset": [6, 7, 8, 9], "text": "醉爱风云"}]}, {"type": "连载网站", "args": [{"type": "网络小说", "offset": [1, 2, 3], "text": "十九妾"}, {"type": "网站", "offset": [19, 20, 21, 22], "text": "潇湘书院"}]}], "event": [], "spot": ["图书作品", "网站", "人物", "网络小说"], "asoc": ["连载网站", "作者"], "spot_asoc": [{"span": "十九妾", "label": "图书作品", "asoc": [["作者", "醉爱风云"]]}, {"span": "十九妾", "label": "网络小说", "asoc": [["连载网站", "潇湘书院"]]}, {"span": "醉爱风云", "label": "人物", "asoc": []}, {"span": "潇湘书院", "label": "网站", "asoc": []}]}
{"text": "似水流年，由著名作词家闫肃作词，著名音乐人许晓杰作曲，张烨演唱", "tokens": ["似", "水", "流", "年", "，", "由", "著", "名", "作", "词", "家", "闫", "肃", "作", "词", "，", "著", "名", "音", "乐", "人", "许", "晓", "杰", "作", "曲", "，", "张", "烨", "演", "唱"], "record": "<extra_id_0> <extra_id_0> 歌曲 <extra_id_5> 似水流年 <extra_id_0> 作词 <extra_id_5> 闫肃 <extra_id_1> <extra_id_0> 作曲 <extra_id_5> 许晓杰 <extra_id_1> <extra_id_1> <extra_id_0> 人物 <extra_id_5> 闫肃 <extra_id_1> <extra_id_0> 人物 <extra_id_5> 许晓杰 <extra_id_1> <extra_id_1>", "entity": [{"type": "歌曲", "offset": [0, 1, 2, 3], "text": "似水流年"}, {"type": "人物", "offset": [21, 22, 23], "text": "许晓杰"}, {"type": "人物", "offset": [11, 12], "text": "闫肃"}], "relation": [{"type": "作曲", "args": [{"type": "歌曲", "offset": [0, 1, 2, 3], "text": "似水流年"}, {"type": "人物", "offset": [21, 22, 23], "text": "许晓杰"}]}, {"type": "作词", "args": [{"type": "歌曲", "offset": [0, 1, 2, 3], "text": "似水流年"}, {"type": "人物", "offset": [11, 12], "text": "闫肃"}]}], "event": [], "spot": ["歌曲", "人物"], "asoc": ["作曲", "作词"], "spot_asoc": [{"span": "似水流年", "label": "歌曲", "asoc": [["作词", "闫肃"], ["作曲", "许晓杰"]]}, {"span": "闫肃", "label": "人物", "asoc": []}, {"span": "许晓杰", "label": "人物", "asoc": []}]}
{"text": "”7黄晖：“坏学校也出好学生”1960年1月22日，胡适与他的秘书胡颂平聊天，说起了黄晖，对此，胡颂平记录道：“先生今天谈起黄晖，说：黄晖是北平中国大学的学生，他曾到北大偷听我的课，但他毕业后写了一部《<论衡>校释》，算是很标准的著作", "tokens": ["”", "7", "黄", "晖", "：", "“", "坏", "学", "校", "也", "出", "好", "学", "生", "”", "1", "9", "6", "0", "年", "1", "月", "2", "2", "日", "，", "胡", "适", "与", "他", "的", "秘", "书", "胡", "颂", "平", "聊", "天", "，", "说", "起", "了", "黄", "晖", "，", "对", "此", "，", "胡", "颂", "平", "记", "录", "道", "：", "“", "先", "生", "今", "天", "谈", "起", "黄", "晖", "，", "说", "：", "黄", "晖", "是", "北", "平", "中", "国", "大", "学", "的", "学", "生", "，", "他", "曾", "到", "北", "大", "偷", "听", "我", "的", "课", "，", "但", "他", "毕", "业", "后", "写", "了", "一", "部", "《", "<", "论", "衡", ">", "校", "释", "》", "，", "算", "是", "很", "标", "准", "的", "著", "作"], "record": "<extra_id_0> <extra_id_0> 人物 <extra_id_5> 黄晖 <extra_id_0> 毕业院校 <extra_id_5> 中国大学 <extra_id_1> <extra_id_1> <extra_id_0> 学校 <extra_id_5> 中国大学 <extra_id_1> <extra_id_1>", "entity": [{"type": "人物", "offset": [2, 3], "text": "黄晖"}, {"type": "学校", "offset": [72, 73, 74, 75], "text": "中国大学"}], "relation": [{"type": "毕业院校", "args": [{"type": "人物", "offset": [2, 3], "text": "黄晖"}, {"type": "学校", "offset": [72, 73, 74, 75], "text": "中国大学"}]}], "event": [], "spot": ["学校", "人物"], "asoc": ["毕业院校"], "spot_asoc": [{"span": "黄晖", "label": "人物", "asoc": [["毕业院校", "中国大学"]]}, {"span": "中国大学", "label": "学校", "asoc": []}]}
{"text": "《交涉人》是日本朝日电视台制作并播出的8集悬疑推理电视剧", "tokens": ["《", "交", "涉", "人", "》", "是", "日", "本", "朝", "日", "电", "视", "台", "制", "作", "并", "播", "出", "的", "8", "集", "悬", "疑", "推", "理", "电", "视", "剧"], "record": "<extra_id_0> <extra_id_0> 影视作品 <extra_id_5> 交涉人 <extra_id_0> 出品公司 <extra_id_5> 朝日电视台 <extra_id_1> <extra_id_1> <extra_id_0> 企业 <extra_id_5> 朝日电视台 <extra_id_1> <extra_id_1>", "entity": [{"type": "影视作品", "offset": [1, 2, 3], "text": "交涉人"}, {"type": "企业", "offset": [8, 9, 10, 11, 12], "text": "朝日电视台"}], "relation": [{"type": "出品公司", "args": [{"type": "影视作品", "offset": [1, 2, 3], "text": "交涉人"}, {"type": "企业", "offset": [8, 9, 10, 11, 12], "text": "朝日电视台"}]}], "event": [], "spot": ["影视作品", "企业"], "asoc": ["出品公司"], "spot_asoc": [{"span": "交涉人", "label": "影视作品", "asoc": [["出品公司", "朝日电视台"]]}, {"span": "朝日电视台", "label": "企业", "asoc": []}]}
{"text": "05闫妮接到《生活启示录》之后，就向王丽萍推荐了胡歌", "tokens": ["0", "5", "闫", "妮", "接", "到", "《", "生", "活", "启", "示", "录", "》", "之", "后", "，", "就", "向", "王", "丽", "萍", "推", "荐", "了", "胡", "歌"], "record": "<extra_id_0> <extra_id_0> 人物 <extra_id_5> 闫妮 <extra_id_1> <extra_id_0> 影视作品 <extra_id_5> 生活启示录 <extra_id_0> 主演 <extra_id_5> 闫妮 <extra_id_1> <extra_id_1> <extra_id_1>", "entity": [{"type": "影视作品", "offset": [7, 8, 9, 10, 11], "text": "生活启示录"}, {"type": "人物", "offset": [2, 3], "text": "闫妮"}], "relation": [{"type": "主演", "args": [{"type": "影视作品", "offset": [7, 8, 9, 10, 11], "text": "生活启示录"}, {"type": "人物", "offset": [2, 3], "text": "闫妮"}]}], "event": [], "spot": ["影视作品", "人物"], "asoc": ["主演"], "spot_asoc": [{"span": "闫妮", "label": "人物", "asoc": []}, {"span": "生活启示录", "label": "影视作品", "asoc": [["主演", "闫妮"]]}]}
